1,s,gesv,/sgesv.f
2,d,gesv,/dgesv.f
3,c,gesv,/cgesv.f
4,z,gesv,/zgesv.f
5,s,gbsv,/sgbsv.f
6,d,gbsv,/dgbsv.f
7,c,gbsv,/cgbsv.f
8,z,gbsv,/zgbsv.f
9,s,gtsv,/sgtsv.f
10,d,gtsv,/dgtsv.f
11,c,gtsv,/cgtsv.f
12,z,gtsv,/zgtsv.f
13,c,hesv,/chesv.f
14,z,hesv,/zhesv.f
15,c,hpsv,/chpsv.f
16,z,hpsv,/zhpsv.f
17,s,posv,/sposv.f
18,d,posv,/dposv.f
19,c,posv,/cposv.f
20,z,posv,/zposv.f
21,s,pbsv,/spbsv.f
22,d,pbsv,/dpbsv.f
23,c,pbsv,/cpbsv.f
24,z,pbsv,/zpbsv.f
25,s,ppsv,/sppsv.f
26,d,ppsv,/dppsv.f
27,c,ppsv,/cppsv.f
28,z,ppsv,/zppsv.f
29,s,ptsv,/sptsv.f
30,d,ptsv,/dptsv.f
31,c,ptsv,/cptsv.f
32,z,ptsv,/zptsv.f
33,s,sysv,/ssysv.f
34,d,sysv,/dsysv.f
35,c,sysv,/csysv.f
36,z,sysv,/zsysv.f
37,s,spsv,/sspsv.f
38,d,spsv,/dspsv.f
39,c,spsv,/cspsv.f
40,z,spsv,/zspsv.f
41,s,gesvx,/sgesvx.f
42,d,gesvx,/dgesvx.f
43,c,gesvx,/cgesvx.f
44,z,gesvx,/zgesvx.f
45,s,gbsvx,/sgbsvx.f
46,d,gbsvx,/dgbsvx.f
47,c,gbsvx,/cgbsvx.f
48,z,gbsvx,/zgbsvx.f
49,s,gtsvx,/sgtsvx.f
50,d,gtsvx,/dgtsvx.f
51,c,gtsvx,/cgtsvx.f
52,z,gtsvx,/zgtsvx.f
53,c,hesvx,/chesvx.f
54,z,hesvx,/zhesvx.f
55,c,hpsvx,/chpsvx.f
56,z,hpsvx,/zhpsvx.f
57,s,posvx,/sposvx.f
58,d,posvx,/dposvx.f
59,c,posvx,/cposvx.f
60,z,posvx,/zposvx.f
61,s,pbsvx,/spbsvx.f
62,d,pbsvx,/dpbsvx.f
63,c,pbsvx,/cpbsvx.f
64,z,pbsvx,/zpbsvx.f
65,s,ppsvx,/sppsvx.f
66,d,ppsvx,/dppsvx.f
67,c,ppsvx,/cppsvx.f
68,z,ppsvx,/zppsvx.f
69,s,ptsvx,/sptsvx.f
70,d,ptsvx,/dptsvx.f
71,c,ptsvx,/cptsvx.f
72,z,ptsvx,/zptsvx.f
73,s,sysvx,/ssysvx.f
74,d,sysvx,/dsysvx.f
75,c,sysvx,/csysvx.f
76,z,sysvx,/zsysvx.f
77,s,spsvx,/sspsvx.f
78,d,spsvx,/dspsvx.f
79,c,spsvx,/cspsvx.f
80,z,spsvx,/zspsvx.f
81,s,getrf,/sgetrf.f
82,d,getrf,/dgetrf.f
83,c,getrf,/cgetrf.f
84,z,getrf,/zgetrf.f
85,s,gbtrf,/sgbtrf.f
86,d,gbtrf,/dgbtrf.f
87,c,gbtrf,/cgbtrf.f
88,z,gbtrf,/zgbtrf.f
89,s,gttrf,/sgttrf.f
90,d,gttrf,/dgttrf.f
91,c,gttrf,/cgttrf.f
92,z,gttrf,/zgttrf.f
93,s,potrf,/spotrf.f
94,d,potrf,/dpotrf.f
95,c,potrf,/cpotrf.f
96,z,potrf,/zpotrf.f
97,s,pptrf,/spptrf.f
98,d,pptrf,/dpptrf.f
99,c,pptrf,/cpptrf.f
100,z,pptrf,/zpptrf.f
101,s,pbtrf,/spbtrf.f
102,d,pbtrf,/dpbtrf.f
103,c,pbtrf,/cpbtrf.f
104,z,pbtrf,/zpbtrf.f
105,s,pttrf,/spttrf.f
106,d,pttrf,/dpttrf.f
107,c,pttrf,/cpttrf.f
108,z,pttrf,/zpttrf.f
109,s,sytrf,/ssytrf.f
110,d,sytrf,/dsytrf.f
111,c,hetrf,/chetrf.f
112,z,hetrf,/zhetrf.f
113,c,sytrf,/csytrf.f
114,z,sytrf,/zsytrf.f
115,s,sptrf,/ssptrf.f
116,d,sptrf,/dsptrf.f
117,c,hptrf,/chptrf.f
118,z,hptrf,/zhptrf.f
119,c,sptrf,/csptrf.f
120,z,sptrf,/zsptrf.f
121,s,getrs,/sgetrs.f
122,d,getrs,/dgetrs.f
123,c,getrs,/cgetrs.f
124,z,getrs,/zgetrs.f
125,s,gbtrs,/sgbtrs.f
126,d,gbtrs,/dgbtrs.f
127,c,gbtrs,/cgbtrs.f
128,z,gbtrs,/zgbtrs.f
129,s,gttrs,/sgttrs.f
130,d,gttrs,/dgttrs.f
131,c,gttrs,/cgttrs.f
132,z,gttrs,/zgttrs.f
133,s,potrs,/spotrs.f
134,d,potrs,/dpotrs.f
135,c,potrs,/cpotrs.f
136,z,potrs,/zpotrs.f
137,s,pptrs,/spptrs.f
138,d,pptrs,/dpptrs.f
139,c,pptrs,/cpptrs.f
140,z,pptrs,/zpptrs.f
141,s,pbtrs,/spbtrs.f
142,d,pbtrs,/dpbtrs.f
143,c,pbtrs,/cpbtrs.f
144,z,pbtrs,/zpbtrs.f
145,s,pttrs,/spttrs.f
146,d,pttrs,/dpttrs.f
147,c,pttrs,/cpttrs.f
148,z,pttrs,/zpttrs.f
149,s,sytrs,/ssytrs.f
150,d,sytrs,/dsytrs.f
151,c,sytrs,/csytrs.f
152,z,sytrs,/zsytrs.f
153,s,sptrs,/ssptrs.f
154,d,sptrs,/dsptrs.f
155,c,sptrs,/csptrs.f
156,z,sptrs,/zsptrs.f
157,c,hetrs,/chetrs.f
158,z,hetrs,/zhetrs.f
159,c,hptrs,/chptrs.f
160,z,hptrs,/zhptrs.f
161,s,trtrs,/strtrs.f
162,d,trtrs,/dtrtrs.f
163,c,trtrs,/ctrtrs.f
164,z,trtrs,/ztrtrs.f
165,s,tptrs,/stptrs.f
166,d,tptrs,/dtptrs.f
167,c,tptrs,/ctptrs.f
168,z,tptrs,/ztptrs.f
169,s,tbtrs,/stbtrs.f
170,d,tbtrs,/dtbtrs.f
171,c,tbtrs,/ctbtrs.f
172,z,tbtrs,/ztbtrs.f
173,s,gecon,/sgecon.f
174,d,gecon,/dgecon.f
175,c,gecon,/cgecon.f
176,z,gecon,/zgecon.f
177,s,gbcon,/sgbcon.f
178,d,gbcon,/dgbcon.f
179,c,gbcon,/cgbcon.f
180,z,gbcon,/zgbcon.f
181,s,gtcon,/sgtcon.f
182,d,gtcon,/dgtcon.f
183,c,gtcon,/cgtcon.f
184,z,gtcon,/zgtcon.f
185,s,pocon,/spocon.f
186,d,pocon,/dpocon.f
187,c,pocon,/cpocon.f
188,z,pocon,/zpocon.f
189,s,ppcon,/sppcon.f
190,d,ppcon,/dppcon.f
191,c,ppcon,/cppcon.f
192,z,ppcon,/zppcon.f
193,s,pbcon,/spbcon.f
194,d,pbcon,/dpbcon.f
195,c,pbcon,/cpbcon.f
196,z,pbcon,/zpbcon.f
197,s,ptcon,/sptcon.f
198,d,ptcon,/dptcon.f
199,c,ptcon,/cptcon.f
200,z,ptcon,/zptcon.f
201,c,hecon,/checon.f
202,z,hecon,/zhecon.f
203,s,sycon,/ssycon.f
204,d,sycon,/dsycon.f
205,c,sycon,/csycon.f
206,z,sycon,/zsycon.f
207,s,spcon,/sspcon.f
208,d,spcon,/dspcon.f
209,c,spcon,/cspcon.f
210,z,spcon,/zspcon.f
211,c,hpcon,/chpcon.f
212,z,hpcon,/zhpcon.f
213,s,trcon,/strcon.f
214,d,trcon,/dtrcon.f
215,c,trcon,/ctrcon.f
216,z,trcon,/ztrcon.f
217,s,tbcon,/stbcon.f
218,d,tbcon,/dtbcon.f
219,c,tbcon,/ctbcon.f
220,z,tbcon,/ztbcon.f
221,s,tpcon,/stpcon.f
222,d,tpcon,/dtpcon.f
223,c,tpcon,/ctpcon.f
224,z,tpcon,/ztpcon.f
225,s,gerfs,/sgerfs.f
226,d,gerfs,/dgerfs.f
227,c,gerfs,/cgerfs.f
228,z,gerfs,/zgerfs.f
229,s,gbrfs,/sgbrfs.f
230,d,gbrfs,/dgbrfs.f
231,c,gbrfs,/cgbrfs.f
232,z,gbrfs,/zgbrfs.f
233,s,gtrfs,/sgtrfs.f
234,d,gtrfs,/dgtrfs.f
235,c,gtrfs,/cgtrfs.f
236,z,gtrfs,/zgtrfs.f
237,c,herfs,/cherfs.f
238,z,herfs,/zherfs.f
239,c,hprfs,/chprfs.f
240,z,hprfs,/zhprfs.f
241,s,porfs,/sporfs.f
242,d,porfs,/dporfs.f
243,c,porfs,/cporfs.f
244,z,porfs,/zporfs.f
245,s,pbrfs,/spbrfs.f
246,d,pbrfs,/dpbrfs.f
247,c,pbrfs,/cpbrfs.f
248,z,pbrfs,/zpbrfs.f
249,s,pprfs,/spprfs.f
250,d,pprfs,/dpprfs.f
251,c,pprfs,/cpprfs.f
252,z,pprfs,/zpprfs.f
253,s,ptrfs,/sptrfs.f
254,d,ptrfs,/dptrfs.f
255,c,ptrfs,/cptrfs.f
256,z,ptrfs,/zptrfs.f
257,s,syrfs,/ssyrfs.f
258,d,syrfs,/dsyrfs.f
259,c,syrfs,/csyrfs.f
260,z,syrfs,/zsyrfs.f
261,s,sprfs,/ssprfs.f
262,d,sprfs,/dsprfs.f
263,c,sprfs,/csprfs.f
264,z,sprfs,/zsprfs.f
265,s,trrfs,/strrfs.f
266,d,trrfs,/dtrrfs.f
267,c,trrfs,/ctrrfs.f
268,z,trrfs,/ztrrfs.f
269,s,tbrfs,/stbrfs.f
270,d,tbrfs,/dtbrfs.f
271,c,tbrfs,/ctbrfs.f
272,z,tbrfs,/ztbrfs.f
273,s,tprfs,/stprfs.f
274,d,tprfs,/dtprfs.f
275,c,tprfs,/ctprfs.f
276,z,tprfs,/ztprfs.f
277,s,getri,/sgetri.f
278,d,getri,/dgetri.f
279,c,getri,/cgetri.f
280,z,getri,/zgetri.f
281,c,hetri,/chetri.f
282,z,hetri,/zhetri.f
283,c,hptri,/chptri.f
284,z,hptri,/zhptri.f
285,s,potri,/spotri.f
286,d,potri,/dpotri.f
287,c,potri,/cpotri.f
288,z,potri,/zpotri.f
289,s,pptri,/spptri.f
290,d,pptri,/dpptri.f
291,c,pptri,/cpptri.f
292,z,pptri,/zpptri.f
293,s,sytri,/ssytri.f
294,d,sytri,/dsytri.f
295,c,sytri,/csytri.f
296,z,sytri,/zsytri.f
297,s,sptri,/ssptri.f
298,d,sptri,/dsptri.f
299,c,sptri,/csptri.f
300,z,sptri,/zsptri.f
301,s,trtri,/strtri.f
302,d,trtri,/dtrtri.f
303,c,trtri,/ctrtri.f
304,z,trtri,/ztrtri.f
305,s,tptri,/stptri.f
306,d,tptri,/dtptri.f
307,c,tptri,/ctptri.f
308,z,tptri,/ztptri.f
309,s,geequ,/sgeequ.f
310,d,geequ,/dgeequ.f
311,c,geequ,/cgeequ.f
312,z,geequ,/zgeequ.f
313,s,gbequ,/sgbequ.f
314,d,gbequ,/dgbequ.f
315,c,gbequ,/cgbequ.f
316,z,gbequ,/zgbequ.f
317,s,poequ,/spoequ.f
318,d,poequ,/dpoequ.f
319,c,poequ,/cpoequ.f
320,z,poequ,/zpoequ.f
321,s,pbequ,/spbequ.f
322,d,pbequ,/dpbequ.f
323,c,pbequ,/cpbequ.f
324,z,pbequ,/zpbequ.f
325,s,ppequ,/sppequ.f
326,d,ppequ,/dppequ.f
327,c,ppequ,/cppequ.f
328,z,ppequ,/zppequ.f
329,d,sgesv,/dsgesv.f
330,z,cgesv,/zcgesv.f
331,d,sposv,/dsposv.f
332,z,cposv,/zcposv.f
333,s,pftrs,/spftrs.f
334,d,pftrs,/dpftrs.f
335,c,pftrs,/cpftrs.f
336,z,pftrs,/zpftrs.f
337,s,sytrs2,/ssytrs2.f
338,d,sytrs2,/dsytrs2.f
339,c,sytrs2,/csytrs2.f
340,z,sytrs2,/zsytrs2.f
341,c,hetrs2,/chetrs2.f
342,z,hetrs2,/zhetrs2.f
343,s,gesvxx,/sgesvxx.f
344,d,gesvxx,/dgesvxx.f
345,c,gesvxx,/cgesvxx.f
346,z,gesvxx,/zgesvxx.f
347,s,gbsvxx,/sgbsvxx.f
348,d,gbsvxx,/dgbsvxx.f
349,c,gbsvxx,/cgbsvxx.f
350,z,gbsvxx,/zgbsvxx.f
351,s,posvxx,/sposvxx.f
352,d,posvxx,/dposvxx.f
353,c,posvxx,/cposvxx.f
354,z,posvxx,/zposvxx.f
355,s,sysvxx,/ssysvxx.f
356,d,sysvxx,/dsysvxx.f
357,c,sysvxx,/csysvxx.f
358,z,sysvxx,/zsysvxx.f
359,c,hesvxx,/chesvxx.f
360,z,hesvxx,/zhesvxx.f
361,s,pftrf,/spftrf.f
362,d,pftrf,/dpftrf.f
363,c,pftrf,/dpftrf.f
364,z,pftrf,/zpftrf.f
365,s,pstrf,/spstrf.f
366,d,pstrf,/dpstrf.f
367,c,pstrf,/cpstrf.f
368,z,pstrf,/zpstrf.f
369,s,pftri,/spftri.f
370,d,pftri,/dpftri.f
371,c,pftri,/cpftri.f
372,z,pftri,/zpftri.f
373,s,tftri,/stftri.f
374,d,tftri,/dtftri.f
375,c,tftri,/ctftri.f
376,z,tftri,/ztftri.f
377,s,sytri2,/ssytri2.f
378,d,sytri2,/dsytri2.f
379,c,sytri2,/csytri2.f
380,z,sytri2,/zsytri2.f
381,c,hetri2,/chetri2.f
382,z,hetri2,/zhetri2.f
383,s,sytri2x,/ssytri2x.f
384,d,sytri2x,/dsytri2x.f
385,c,sytri2x,/csytri2x.f
386,z,sytri2x,/zsytri2x.f
387,c,hetri2x,/chetri2x.f
388,z,hetri2x,/zhetri2x.f
389,s,trti2,/strti2.f
390,d,trti2,/dtrti2.f
391,c,trti2,/ctrti2.f
392,z,trti2,/ztrti2.f
393,s,geequb,/sgeequb.f
394,d,geequb,/dgeequb.f
395,c,geequb,/cgeequb.f
396,z,geequb,/zgeequb.f
397,s,gbequb,/sgbequb.f
398,d,gbequb,/dgbequb.f
399,c,gbequb,/cgbequb.f
400,z,gbequb,/zgbequb.f
401,s,syequb,/ssyequb.f
402,d,syequb,/dsyequb.f
403,c,syequb,/csyequb.f
404,z,syequb,/zsyequb.f
405,s,poequb,/spoequb.f
406,d,poequb,/dpoequb.f
407,c,poequb,/cpoequb.f
408,z,poequb,/zpoequb.f
409,c,heequb,/cheequb.f
410,z,heequb,/zheequb.f
411,s,gerfsx,/sgerfsx.f
412,d,gerfsx,/dgerfsx.f
413,c,gerfsx,/cgerfsx.f
414,z,gerfsx,/zgerfsx.f
415,s,gbrfsx,/sgbrfsx.f
416,d,gbrfsx,/dgbrfsx.f
417,c,gbrfsx,/cgbrfsx.f
418,z,gbrfsx,/zgbrfsx.f
419,s,porfsx,/sporfsx.f
420,d,porfsx,/dporfsx.f
421,c,porfsx,/cporfsx.f
422,z,porfsx,/zporfsx.f
423,s,syrfsx,/ssyrfsx.f
424,d,syrfsx,/dsyrfsx.f
425,c,syrfsx,/csyrfsx.f
426,z,syrfsx,/zsyrfsx.f
427,c,herfsx,/cherfsx.f
428,z,herfsx,/zherfsx.f
429,c,la_gercond_c,/cla_gercond_c.f
430,z,la_gercond_c,/zla_gercond_c.f
431,c,la_gbrcond_c,/cla_gbrcond_c.f
432,z,la_gbrcond_c,/zla_gbrcond_c.f
433,c,la_porcond_c,/cla_porcond_c.f
434,z,la_porcond_c,/zla_porcond_c.f
435,c,la_syrcond_c,/cla_syrcond_c.f
436,z,la_syrcond_c,/zla_syrcond_c.f
437,c,la_hercond_c,/cla_hercond_c.f
438,z,la_hercond_c,/zla_hercond_c.f
439,c,la_gercond_x,/cla_gercond_x.f
440,z,la_gercond_x,/zla_gercond_x.f
441,c,la_gbrcond_x,/cla_gbrcond_x.f
442,z,la_gbrcond_x,/zla_gbrcond_x.f
443,c,la_porcond_x,/cla_porcond_x.f
444,z,la_porcond_x,/zla_porcond_x.f
445,c,la_syrcond_x,/cla_syrcond_x.f
446,z,la_syrcond_x,/zla_syrcond_x.f
447,c,la_hercond_x,/cla_hercond_x.f
448,z,la_hercond_x,/zla_hercond_x.f
449,s,la_gercond,/sla_gercond.f
450,d,la_gercond,/dla_gercond.f
451,s,la_gbrcond,/sla_gbrcond.f
452,d,la_gbrcond,/dla_gbrcond.f
453,s,la_porcond,/sla_porcond.f
454,d,la_porcond,/dla_porcond.f
455,s,la_syrcond,/sla_syrcond.f
456,d,la_syrcond,/dla_syrcond.f
457,s,trsyl,/strsyl.f
458,d,trsyl,/dtrsyl.f
459,c,trsyl,/ctrsyl.f
460,z,trsyl,/ztrsyl.f
461,s,tgsyl,/stgsyl.f
462,d,tgsyl,/dtgsyl.f
463,c,tgsyl,/ctgsyl.f
464,z,tgsyl,/ztgsyl.f
465,s,gesvd,/sgesvd.f
466,d,gesvd,/dgesvd.f
467,c,gesvd,/cgesvd.f
468,z,gesvd,/zgesvd.f
469,s,gesdd,/sgesdd.f
470,d,gesdd,/dgesdd.f
471,c,gesdd,/cgesdd.f
472,z,gesdd,/zgesdd.f
473,s,gejsv,/sgejsv.f
474,d,gejsv,/dgejsv.f
475,s,gesvj,/sgesvj.f
476,d,gesvj,/dgesvj.f
477,s,ggsvd,/sggsvd.f
478,d,ggsvd,/dggsvd.f
479,c,ggsvd,/cggsvd.f
480,z,ggsvd,/zggsvd.f
481,s,gebrd,/sgebrd.f
482,d,gebrd,/dgebrd.f
483,c,gebrd,/cgebrd.f
484,z,gebrd,/zgebrd.f
485,s,gbbrd,/sgbbrd.f
486,d,gbbrd,/dgbbrd.f
487,c,gbbrd,/cgbbrd.f
488,z,gbbrd,/zgbbrd.f
489,s,orgbr,/sorgbr.f
490,d,orgbr,/dorgbr.f
491,c,ungbr,/cungbr.f
492,z,ungbr,/zungbr.f
493,s,ormbr,/sormbr.f
494,d,ormbr,/dormbr.f
495,c,unmbr,/cunmbr.f
496,z,unmbr,/zunmbr.f
497,s,bdsqr,/sbdsqr.f
498,d,bdsqr,/dbdsqr.f
499,c,bdsqr,/cbdsqr.f
500,z,bdsqr,/zbdsqr.f
501,s,bdsdc,/sbdsdc.f
502,d,bdsdc,/dbdsdc.f
503,s,ggsvp,/sggsvp.f
504,d,ggsvp,/dggsvp.f
505,c,ggsvp,/cggsvp.f
506,z,ggsvp,/zggsvp.f
507,s,tgsja,/stgsja.f
508,d,tgsja,/dtgsja.f
509,c,tgsja,/ctgsja.f
510,z,tgsja,/ztgsja.f
511,s,syev,/ssyev.f
512,d,syev,/dsyev.f
513,s,syevd,/ssyevd.f
514,d,syevd,/dsyevd.f
515,s,syevx,/ssyevx.f
516,d,syevx,/dsyevx.f
517,s,syevr,/ssyevr.f
518,d,syevr,/dsyevr.f
519,s,spev,/sspev.f
520,d,spev,/dspev.f
521,s,spevd,/sspevd.f
522,d,spevd,/dspevd.f
523,s,spevx,/sspevx.f
524,d,spevx,/dspevx.f
525,s,sbev,/ssbev.f
526,d,sbev,/dsbev.f
527,s,sbevd,/ssbevd.f
528,d,sbevd,/dsbevd.f
529,s,sbevx,/ssbevx.f
530,d,sbevx,/dsbevx.f
531,s,sterf,/ssterf.f
532,d,sterf,/dsterf.f
533,s,stevd,/sstevd.f
534,d,stevd,/dstevd.f
535,s,stev,/sstev.f
536,d,stev,/dstev.f
537,s,stebz,/sstebz.f
538,d,stebz,/dstebz.f
539,s,stevr,/sstevr.f
540,d,stevr,/dstevr.f
541,s,stevx,/sstevx.f
542,d,stevx,/dstevx.f
543,s,geev,/sgeev.f
544,d,geev,/dgeev.f
545,s,geevx,/sgeevx.f
546,d,geevx,/dgeevx.f
547,s,gees,/sgees.f
548,d,gees,/dgees.f
549,s,geesx,/sgeesx.f
550,d,geesx,/dgeesx.f
551,s,sytrd,/ssytrd.f
552,s,orgtr,/sorgtr.f
553,d,sytrd,/dsytrd.f
554,d,orgtr,/dorgtr.f
555,s,sptrd,/ssptrd.f
556,s,opgtr,/sopgtr.f
557,d,sptrd,/dsptrd.f
558,d,opgtr,/dopgtr.f
559,s,sbtrd,/ssbtrd.f
560,d,sbtrd,/dsbtrd.f
561,s,pteqr,/spteqr.f
562,d,pteqr,/dpteqr.f
563,s,hseqr,/shseqr.f
564,s,hsein,/shsein.f
565,d,hseqr,/dhseqr.f
566,d,hsein,/dhsein.f
567,c,heev,/cheev.f
568,z,heev,/zheev.f
569,c,heevd,/cheevd.f
570,z,heevd,/zheevd.f
571,c,heevx,/cheevx.f
572,z,heevx,/zheevx.f
573,c,heevr,/cheevr.f
574,z,heevr,/zheevr.f
575,c,hpev,/chpev.f
576,z,hpev,/zhpev.f
577,c,hpevd,/chpevd.f
578,z,hpevd,/zhpevd.f
579,c,hpevx,/chpevx.f
580,z,hpevx,/zhpevx.f
581,c,hbev,/chbev.f
582,z,hbev,/zhbev.f
583,c,hbevd,/chbevd.f
584,z,hbevd,/zhbevd.f
585,c,hbevx,/chbevx.f
586,z,hbevx,/zhbevx.f
587,c,geev,/cgeev.f
588,z,geev,/zgeev.f
589,c,geevx,/cgeevx.f
590,z,geevx,/zgeevx.f
591,c,gees,/cgees.f
592,z,gees,/zgees.f
593,c,geesx,/cgeesx.f
594,z,geesx,/zgeesx.f
595,c,hetrd,/chetrd.f
596,c,ungtr,/cungtr.f
597,z,hetrd,/zhetrd.f
598,z,ungtr,/zungtr.f
599,c,hptrd,/chptrd.f
600,c,upgtr,/cupgtr.f
601,z,hptrd,/zhptrd.f
602,z,upgtr,/zupgtr.f
603,c,hbtrd,/chbtrd.f
604,z,hbtrd,/zhbtrd.f
605,c,pteqr,/cpteqr.f
606,z,pteqr,/zpteqr.f
607,c,hseqr,/chseqr.f
608,c,hsein,/chsein.f
609,z,hseqr,/zhseqr.f
610,z,hsein,/zhsein.f
611,s,sygv,/ssygv.f
612,d,sygv,/dsygv.f
613,s,sygvd,/ssygvd.f
614,d,sygvd,/dsygvd.f
615,s,sygvx,/ssygvx.f
616,d,sygvx,/dsygvx.f
617,s,spgv,/sspgv.f
618,d,spgv,/dspgv.f
619,s,spgvd,/sspgvd.f
620,d,spgvd,/dspgvd.f
621,s,spgvx,/sspgvx.f
622,d,spgvx,/dspgvx.f
623,s,sbgv,/ssbgv.f
624,d,sbgv,/dsbgv.f
625,s,sbgvd,/ssbgvd.f
626,d,sbgvd,/dsbgvd.f
627,s,sbgvx,/ssbgvx.f
628,d,sbgvx,/dsbgvx.f
629,s,ggev,/sggev.f
630,d,ggev,/dggev.f
631,s,ggevx,/sggevx.f
632,d,ggevx,/dggevx.f
633,s,gges,/sgges.f
634,d,gges,/dgges.f
635,s,ggesx,/sggesx.f
636,d,ggesx,/dggesx.f
637,c,hegv,/chegv.f
638,z,hegv,/zhegv.f
639,c,hegvd,/chegvd.f
640,z,hegvd,/zhegvd.f
641,c,hegvx,/chegvx.f
642,z,hegvx,/zhegvx.f
643,c,hpgv,/chpgv.f
644,z,hpgv,/zhpgv.f
645,c,hpgvd,/chpgvd.f
646,z,hpgvd,/zhpgvd.f
647,c,hpgvx,/chpgvx.f
648,z,hpgvx,/zhpgvx.f
649,c,hbgv,/chbgv.f
650,z,hbgv,/zhbgv.f
651,c,hbgvd,/chbgvd.f
652,z,hbgvd,/zhbgvd.f
653,c,hbgvx,/chbgvx.f
654,z,hbgvx,/zhbgvx.f
655,c,ggev,/cggev.f
656,z,ggev,/zggev.f
657,c,ggevx,/cggevx.f
658,z,ggevx,/zggevx.f
659,c,gges,/cgges.f
660,z,gges,/zgges.f
661,c,ggesx,/cggesx.f
662,z,ggesx,/zggesx.f
663,s,sytrd,/ssytrd.f
664,d,sytrd,/dsytrd.f
665,s,sptrd,/ssptrd.f
666,d,sptrd,/dsptrd.f
667,s,sbtrd,/ssbtrd.f
668,d,sbtrd,/dsbtrd.f
669,c,hetrd,/chetrd.f
670,z,hetrd,/zhetrd.f
671,c,hptrd,/chptrd.f
672,z,hptrd,/zhptrd.f
673,c,hbtrd,/chbtrd.f
674,z,hbtrd,/zhbtrd.f
675,s,gehrd,/sgehrd.f
676,d,gehrd,/dgehrd.f
677,c,gehrd,/cgehrd.f
678,z,gehrd,/zgehrd.f
679,s,gghrd,/sgghrd.f
680,d,gghrd,/dgghrd.f
681,c,gghrd,/cgghrd.f
682,z,gghrd,/zgghrd.f
683,s,disna,/sdisna.f
684,d,disna,/ddisna.f
685,s,disna,/sdisna.f
686,d,disna,/ddisna.f
687,s,trsna,/strsna.f
688,d,trsna,/dtrsna.f
689,c,trsna,/ctrsna.f
690,z,trsna,/ztrsna.f
691,s,tgsna,/stgsna.f
692,d,tgsna,/dtgsna.f
693,c,tgsna,/ctgsna.f
694,z,tgsna,/ztgsna.f
695,s,gebal,/sgebal.f
696,d,gebal,/dgebal.f
697,c,gebal,/cgebal.f
698,z,gebal,/zgebal.f
699,s,ggbal,/sggbal.f
700,d,ggbal,/dggbal.f
701,c,ggbal,/cggbal.f
702,z,ggbal,/zggbal.f
703,s,sygst,/ssygst.f
704,d,sygst,/dsygst.f
705,c,hegst,/chegst.f
706,z,hegst,/zhegst.f
707,s,spgst,/sspgst.f
708,d,spgst,/dspgst.f
709,c,hpgst,/chpgst.f
710,z,hpgst,/zhpgst.f
711,s,sbgst,/ssbgst.f
712,d,sbgst,/dsbgst.f
713,c,hbgst,/chbgst.f
714,z,hbgst,/zhbgst.f