457,n,eval,n,gen,full,y,,,,n,s,s,gees,Doxygen/docs/html/sgees_8f.html,457
458,n,eval,n,gen,full,y,,,,n,d,d,gees,Doxygen/docs/html/dgees_8f.html,458
459,n,eval,y,gen,full,y,,,,n,s,c,gees,Doxygen/docs/html/cgees_8f.html,459
460,n,eval,y,gen,full,y,,,,n,d,z,gees,Doxygen/docs/html/zgees_8f.html,460
461,n,eval,n,gen,full,y,,,,y,s,s,geesx,Doxygen/docs/html/sgeesx_8f.html,461
462,n,eval,n,gen,full,y,,,,y,d,d,geesx,Doxygen/docs/html/dgeesx_8f.html,462
463,n,eval,y,gen,full,y,,,,y,s,c,geesx,Doxygen/docs/html/cgeesx_8f.html,463
464,n,eval,y,gen,full,y,,,,y,d,z,geesx,Doxygen/docs/html/zgeesx_8f.html,464
465,n,eval,n,gen,full,n,,,n,,s,s,geev,Doxygen/docs/html/sgeev_8f.html,465
466,n,eval,n,gen,full,n,,,n,,d,d,geev,Doxygen/docs/html/dgeev_8f.html,466
467,n,eval,y,gen,full,n,,,n,,s,c,geev,Doxygen/docs/html/cgeev_8f.html,467
468,n,eval,y,gen,full,n,,,n,,d,z,geev,Doxygen/docs/html/zgeev_8f.html,468
469,n,eval,n,gen,full,n,,,y,,s,s,geevx,Doxygen/docs/html/sgeevx_8f.html,469
470,n,eval,n,gen,full,n,,,y,,d,d,geevx,Doxygen/docs/html/dgeevx_8f.html,470
471,n,eval,y,gen,full,n,,,y,,s,c,geevx,Doxygen/docs/html/cgeevx_8f.html,471
472,n,eval,y,gen,full,n,,,y,,d,z,geevx,Doxygen/docs/html/zgeevx_8f.html,472
473,n,svd,y,gen,full,,,dc,,,d,z,gesdd,Doxygen/docs/html/zgesdd_8f.html,473
474,n,svd,n,gen,full,,,dc,,,d,d,gesdd,Doxygen/docs/html/dgesdd_8f.html,474
475,n,svd,n,gen,full,,,dc,,,s,s,gesdd,Doxygen/docs/html/sgesdd_8f.html,475
476,n,svd,y,gen,full,,,dc,,,s,c,gesdd,Doxygen/docs/html/cgesdd_8f.html,476
477,n,svd,y,gen,full,,,n,,,s,c,gesvd,Doxygen/docs/html/cgesvd_8f.html,477
478,n,svd,n,gen,full,,,n,,,d,d,gesvd,Doxygen/docs/html/dgesvd_8f.html,478
479,n,svd,n,gen,full,,,n,,,s,s,gesvd,Doxygen/docs/html/sgesvd_8f.html,479
480,n,svd,y,gen,full,,,n,,,d,z,gesvd,Doxygen/docs/html/zgesvd_8f.html,480
481,n,eval,y,her,band,,n,n,,,s,c,hbev,Doxygen/docs/html/chbev_8f.html,481
482,n,eval,y,her,band,,n,n,,,d,z,hbev,Doxygen/docs/html/zhbev_8f.html,482
483,n,eval,y,her,band,,n,dc,,,s,c,hbevd,Doxygen/docs/html/chbevd_8f.html,483
484,n,eval,y,her,band,,n,dc,,,d,z,hbevd,Doxygen/docs/html/zhbevd_8f.html,484
485,n,eval,y,her,band,,y,,,,s,c,hbevx,Doxygen/docs/html/chbevx_8f.html,485
486,n,eval,y,her,band,,y,,,,d,z,hbevx,Doxygen/docs/html/zhbevx_8f.html,486
487,n,eval,y,her,full,,n,n,,,s,c,heev,Doxygen/docs/html/cheev_8f.html,487
488,n,eval,y,her,full,,n,n,,,d,z,heev,Doxygen/docs/html/zheev_8f.html,488
489,n,eval,y,her,full,,n,dc,,,s,c,heevd,Doxygen/docs/html/cheevd_8f.html,489
490,n,eval,y,her,full,,n,dc,,,d,z,heevd,Doxygen/docs/html/zheevd_8f.html,490
491,n,eval,y,her,full,,n,rrr,,,s,c,heevr,Doxygen/docs/html/cheevr_8f.html,491
492,n,eval,y,her,full,,n,rrr,,,d,z,heevr,Doxygen/docs/html/zheevr_8f.html,492
493,n,eval,y,her,full,,y,,,,s,c,heevx,Doxygen/docs/html/cheevx_8f.html,493
494,n,eval,y,her,full,,y,,,,d,z,heevx,Doxygen/docs/html/zheevx_8f.html,494
495,n,eval,y,her,pack,,n,n,,,s,c,hpev,Doxygen/docs/html/chpev_8f.html,495
496,n,eval,y,her,pack,,n,n,,,d,z,hpev,Doxygen/docs/html/zhpev_8f.html,496
497,n,eval,y,her,pack,,n,dc,,,s,c,hpevd,Doxygen/docs/html/chpevd_8f.html,497
498,n,eval,y,her,pack,,n,dc,,,d,z,hpevd,Doxygen/docs/html/zhpevd_8f.html,498
499,n,eval,y,her,pack,,y,,,,s,c,hpevx,Doxygen/docs/html/chpevx_8f.html,499
500,n,eval,y,her,pack,,y,,,,d,z,hpevx,Doxygen/docs/html/zhpevx_8f.html,500
501,n,eval,n,sym,band,,n,n,,,s,s,sbev,Doxygen/docs/html/ssbev_8f.html,501
502,n,eval,n,sym,band,,n,n,,,d,d,sbev,Doxygen/docs/html/dsbev_8f.html,502
503,n,eval,n,sym,band,,n,dc,,,s,s,sbevd,Doxygen/docs/html/ssbevd_8f.html,503
504,n,eval,n,sym,band,,n,dc,,,d,d,sbevd,Doxygen/docs/html/dsbevd_8f.html,504
505,n,eval,n,sym,band,,y,,,,s,s,sbevx,Doxygen/docs/html/ssbevx_8f.html,505
506,n,eval,n,sym,band,,y,,,,d,d,sbevx,Doxygen/docs/html/dsbevx_8f.html,506
507,n,eval,n,sym,pack,,n,n,,,s,s,spev,Doxygen/docs/html/sspev_8f.html,507
508,n,eval,n,sym,pack,,n,n,,,d,d,spev,Doxygen/docs/html/dspev_8f.html,508
509,n,eval,n,sym,pack,,n,dc,,,s,s,spevd,Doxygen/docs/html/sspevd_8f.html,509
510,n,eval,n,sym,pack,,n,dc,,,d,d,spevd,Doxygen/docs/html/dspevd_8f.html,510
511,n,eval,n,sym,pack,,y,,,,s,s,spevx,Doxygen/docs/html/sspevx_8f.html,511
512,n,eval,n,sym,pack,,y,,,,d,d,spevx,Doxygen/docs/html/dspevx_8f.html,512
513,n,eval,n,sym,tri,,n,mrrr,,,s,s,stemr,Doxygen/docs/html/sstemr_8f.html,513
514,n,eval,n,sym,tri,,n,mrrr,,,d,d,stemr,Doxygen/docs/html/dstemr_8f.html,514
515,n,eval,y,sym,tri,,,,,,s,c,stemr,Doxygen/docs/html/cstemr_8f.html,515
516,n,eval,y,sym,tri,,,,,,d,z,stemr,Doxygen/docs/html/zstemr_8f.html,516
517,n,eval,n,sym,tri,,n,n,,,s,s,stev,Doxygen/docs/html/sstev_8f.html,517
518,n,eval,n,sym,tri,,n,n,,,d,d,stev,Doxygen/docs/html/dstev_8f.html,518
519,n,eval,n,sym,tri,,n,dc,,,s,s,stevd,Doxygen/docs/html/sstevd_8f.html,519
520,n,eval,n,sym,tri,,n,dc,,,d,d,stevd,Doxygen/docs/html/dstevd_8f.html,520
521,n,eval,n,sym,tri,,n,rrr,,,s,s,stevr,Doxygen/docs/html/sstevr_8f.html,521
522,n,eval,n,sym,tri,,n,rrr,,,d,d,stevr,Doxygen/docs/html/dstevr_8f.html,522
523,n,eval,n,sym,tri,,y,,,,s,s,stevx,Doxygen/docs/html/sstevx_8f.html,523
524,n,eval,n,sym,tri,,y,,,,d,d,stevx,Doxygen/docs/html/dstevx_8f.html,524
525,n,eval,n,sym,full,,n,n,,,s,s,syev,Doxygen/docs/html/ssyev_8f.html,525
526,n,eval,n,sym,full,,n,n,,,d,d,syev,Doxygen/docs/html/dsyev_8f.html,526
527,n,eval,n,sym,full,,n,dc,,,s,s,syevd,Doxygen/docs/html/ssyevd_8f.html,527
528,n,eval,n,sym,full,,n,dc,,,d,d,syevd,Doxygen/docs/html/dsyevd_8f.html,528
529,n,eval,n,sym,full,,n,rrr,,,s,s,syevr,Doxygen/docs/html/ssyevr_8f.html,529
530,n,eval,n,sym,full,,n,rrr,,,d,d,syevr,Doxygen/docs/html/dsyevr_8f.html,530
531,n,eval,n,sym,full,,y,,,,s,s,syevx,Doxygen/docs/html/ssyevx_8f.html,531
532,n,eval,n,sym,full,,y,,,,d,d,syevx,Doxygen/docs/html/dsyevx_8f.html,532
533,y,eval,n,sym,full,,n,n,,,s,s,sygv,Doxygen/docs/html/ssygv_8f.html,533
534,y,eval,n,sym,full,,n,n,,,d,d,sygv,Doxygen/docs/html/dsygv_8f.html,534
535,y,eval,y,her,full,,n,n,,,s,c,hegv,Doxygen/docs/html/chegv_8f.html,535
536,y,eval,y,her,full,,n,n,,,d,z,hegv,Doxygen/docs/html/zhegv_8f.html,536
537,y,eval,n,sym,full,,n,dc,,,s,s,sygvd,Doxygen/docs/html/ssygvd_8f.html,537
538,y,eval,n,sym,full,,n,dc,,,d,d,sygvd,Doxygen/docs/html/dsygvd_8f.html,538
539,y,eval,y,her,full,,n,dc,,,s,c,hegvd,Doxygen/docs/html/chegvd_8f.html,539
540,y,eval,y,her,full,,n,dc,,,d,z,hegvd,Doxygen/docs/html/zhegvd_8f.html,540
541,y,eval,n,sym,full,,y,,,,s,s,sygvx,Doxygen/docs/html/ssygvx_8f.html,541
542,y,eval,n,sym,full,,y,,,,d,d,sygvx,Doxygen/docs/html/dsygvx_8f.html,542
543,y,eval,y,her,full,,y,,,,s,c,hegvx,Doxygen/docs/html/chegvx_8f.html,543
544,y,eval,y,her,full,,y,,,,d,z,hegvx,Doxygen/docs/html/zhegvx_8f.html,544
545,y,eval,n,sym,pack,,n,n,,,s,s,spgv,Doxygen/docs/html/sspgv_8f.html,545
546,y,eval,n,sym,pack,,n,n,,,d,d,spgv,Doxygen/docs/html/dspgv_8f.html,546
547,y,eval,y,her,pack,,n,n,,,s,c,hpgv,Doxygen/docs/html/chpgv_8f.html,547
548,y,eval,y,her,pack,,n,n,,,d,z,hpgv,Doxygen/docs/html/zhpgv_8f.html,548
549,y,eval,n,sym,pack,,n,dc,,,s,s,spgvd,Doxygen/docs/html/sspgvd_8f.html,549
550,y,eval,n,sym,pack,,n,dc,,,d,d,spgvd,Doxygen/docs/html/dspgvd_8f.html,550
551,y,eval,y,her,pack,,n,dc,,,s,c,hpgvd,Doxygen/docs/html/chpgvd_8f.html,551
552,y,eval,y,her,pack,,n,dc,,,d,z,hpgvd,Doxygen/docs/html/zhpgvd_8f.html,552
553,y,eval,n,sym,pack,,y,,,,s,s,spgvx,Doxygen/docs/html/sspgvx_8f.html,553
554,y,eval,n,sym,pack,,y,,,,d,d,spgvx,Doxygen/docs/html/dspgvx_8f.html,554
555,y,eval,y,her,pack,,y,,,,s,c,hpgvx,Doxygen/docs/html/chpgvx_8f.html,555
556,y,eval,y,her,pack,,y,,,,d,z,hpgvx,Doxygen/docs/html/zhpgvx_8f.html,556
557,y,eval,n,sym,band,,n,n,,,s,s,sbgv,Doxygen/docs/html/ssbgv_8f.html,557
558,y,eval,n,sym,band,,n,n,,,d,d,sbgv,Doxygen/docs/html/dsbgv_8f.html,558
559,y,eval,y,her,band,,n,n,,,s,c,hbgv,Doxygen/docs/html/chbgv_8f.html,559
560,y,eval,y,her,band,,n,n,,,d,z,hbgv,Doxygen/docs/html/zhbgv_8f.html,560
561,y,eval,n,sym,band,,n,dc,,,s,s,sbgvd,Doxygen/docs/html/ssbgvd_8f.html,561
562,y,eval,n,sym,band,,n,dc,,,d,d,sbgvd,Doxygen/docs/html/dsbgvd_8f.html,562
563,y,eval,y,her,band,,n,dc,,,s,c,hbgvd,Doxygen/docs/html/chbgvd_8f.html,563
564,y,eval,y,her,band,,n,dc,,,d,z,hbgvd,Doxygen/docs/html/zhbgvd_8f.html,564
565,y,eval,n,sym,band,,y,,,,s,s,sbgvx,Doxygen/docs/html/ssbgvx_8f.html,565
566,y,eval,n,sym,band,,y,,,,d,d,sbgvx,Doxygen/docs/html/dsbgvx_8f.html,566
567,y,eval,y,her,band,,y,,,,s,c,hbgvx,Doxygen/docs/html/chbgvx_8f.html,567
568,y,eval,y,her,band,,y,,,,d,z,hbgvx,Doxygen/docs/html/zhbgvx_8f.html,568
569,y,eval,n,gen,full,y,,,,n,s,s,gges,Doxygen/docs/html/sgges_8f.html,569
570,y,eval,n,gen,full,y,,,,n,d,d,gges,Doxygen/docs/html/dgges_8f.html,570
571,y,eval,y,gen,full,y,,,,n,s,c,gges,Doxygen/docs/html/cgges_8f.html,571
572,y,eval,y,gen,full,y,,,,n,d,z,gges,Doxygen/docs/html/zgges_8f.html,572
573,y,eval,n,gen,full,y,,,,y,s,s,ggesx,Doxygen/docs/html/sggesx_8f.html,573
574,y,eval,n,gen,full,y,,,,y,d,d,ggesx,Doxygen/docs/html/dggesx_8f.html,574
575,y,eval,y,gen,full,y,,,,y,s,c,ggesx,Doxygen/docs/html/cggesx_8f.html,575
576,y,eval,y,gen,full,y,,,,y,d,z,ggesx,Doxygen/docs/html/zggesx_8f.html,576
577,y,eval,n,gen,full,n,,,n,,s,s,ggev,Doxygen/docs/html/sggev_8f.html,577
578,y,eval,n,gen,full,n,,,n,,d,d,ggev,Doxygen/docs/html/dggev_8f.html,578
579,y,eval,y,gen,full,n,,,n,,s,c,ggev,Doxygen/docs/html/cggev_8f.html,579
580,y,eval,y,gen,full,n,,,n,,d,z,ggev,Doxygen/docs/html/zggev_8f.html,580
581,y,eval,n,gen,full,n,,,y,,s,s,ggevx,Doxygen/docs/html/sggevx_8f.html,581
582,y,eval,n,gen,full,n,,,y,,d,d,ggevx,Doxygen/docs/html/dggevx_8f.html,582
583,y,eval,y,gen,full,n,,,y,,s,c,ggevx,Doxygen/docs/html/cggevx_8f.html,583
584,y,eval,y,gen,full,n,,,y,,d,z,ggevx,Doxygen/docs/html/zggevx_8f.html,584
585,y,svd,n,gen,full,,,,,,s,s,ggsvd,Doxygen/docs/html/sggsvd_8f.html,585
586,y,svd,n,gen,full,,,,,,d,d,ggsvd,Doxygen/docs/html/dggsvd_8f.html,586
587,y,svd,y,gen,full,,,,,,s,c,ggsvd,Doxygen/docs/html/cggsvd_8f.html,587
588,y,svd,y,gen,full,,,,,,d,z,ggsvd,Doxygen/docs/html/zggsvd_8f.html,588