1,s,getrf,general,full,Doxygen/docs/html/sgetrf_8f.html,Computes an LU factorization of an m-by-n matrix using partial pivoting with row interchanges,81
2,d,getrf,general,full,Doxygen/docs/html/dgetrf_8f.html,Computes an LU factorization of an m-by-n matrix using partial pivoting with row interchanges,82
3,c,getrf,general,full,Doxygen/docs/html/cgetrf_8f.html,Computes an LU factorization of an m-by-n matrix using partial pivoting with row interchanges,83
4,z,getrf,general,full,Doxygen/docs/html/zgetrf_8f.html,Computes an LU factorization of an m-by-n matrix using partial pivoting with row interchanges,84
5,s,gbtrf,general,band,Doxygen/docs/html/sgbtrf_8f.html,computes an LU factorization of an m-by-n band matrix using partial pivoting with row interchanges.,85
6,d,gbtrf,general,band,Doxygen/docs/html/dgbtrf_8f.html,computes an LU factorization of an m-by-n band matrix using partial pivoting with row interchanges.,86
7,c,gbtrf,general,band,Doxygen/docs/html/cgbtrf_8f.html,computes an LU factorization of an m-by-n band matrix using partial pivoting with row interchanges.,87
8,z,gbtrf,general,band,Doxygen/docs/html/zgbtrf_8f.html,computes an LU factorization of an m-by-n band matrix using partial pivoting with row interchanges.,88
9,s,gttrf,general,tridiagonal,Doxygen/docs/html/sgttrf_8f.html,computes an LU factorization of a tridiagonal matrix using elimination with partial pivoting and row interchanges,89
10,d,gttrf,general,tridiagonal,Doxygen/docs/html/dgttrf_8f.html,computes an LU factorization of a tridiagonal matrix using elimination with partial pivoting and row interchanges,90
11,c,gttrf,general,tridiagonal,Doxygen/docs/html/cgttrf_8f.html,computes an LU factorization of a tridiagonal matrix using elimination with partial pivoting and row interchanges,91
12,z,gttrf,general,tridiagonal,Doxygen/docs/html/zgttrf_8f.html,computes an LU factorization of a tridiagonal matrix using elimination with partial pivoting and row interchanges,92
13,s,potrf,SPD,full,Doxygen/docs/html/spotrf_8f.html,computes the Cholesky factorization of an SPD matrix,93
14,d,potrf,SPD,full,Doxygen/docs/html/dpotrf_8f.html,computes the Cholesky factorization of an SPD matrix,94
15,c,potrf,HPD,full,Doxygen/docs/html/cpotrf_8f.html,computes the Cholesky factorization of an HPD matrix,95
16,z,potrf,HPD,full,Doxygen/docs/html/zpotrf_8f.html,computes the Cholesky factorization of an HPD matrix,96
17,s,pptrf,SPD,packed,Doxygen/docs/html/spptrf_8f.html,computes the Cholesky factorization of an SPD matrix stored in packed format,97
18,d,pptrf,SPD,packed,Doxygen/docs/html/dpptrf_8f.html,computes the Cholesky factorization of an SPD matrix stored in packed format,98
19,c,pptrf,HPD,packed,Doxygen/docs/html/cpptrf_8f.html,computes the Cholesky factorization of an HPD matrix stored in packed format,99
20,z,pptrf,HPD,packed,Doxygen/docs/html/zpptrf_8f.html,computes the Cholesky factorization of an HPD matrix stored in packed format,100
21,s,pbtrf,SPD,band,Doxygen/docs/html/spbtrf_8f.html,computes the Cholesky factorization of an SPD band matrix,101
22,d,pbtrf,SPD,band,Doxygen/docs/html/dpbtrf_8f.html,computes the Cholesky factorization of an SPD band matrix,102
23,c,pbtrf,HPD,band,Doxygen/docs/html/cpbtrf_8f.html,computes the Cholesky factorization of an HPD band matrix,103
24,z,pbtrf,HPD,band,Doxygen/docs/html/zpbtrf_8f.html,computes the Cholesky factorization of an HPD band matrix,104
25,s,pttrf,SPD,tridiagonal,Doxygen/docs/html/spttrf_8f.html,computes the L*D*L**T factorization of an SPD tridiagonal matrix,105
26,d,pttrf,SPD,tridiagonal,Doxygen/docs/html/dpttrf_8f.html,computes the L*D*L**T factorization of an SPD tridiagonal matrix,106
27,c,pttrf,HPD,tridiagonal,Doxygen/docs/html/cpttrf_8f.html,computes the L*D*L**T factorization of an HPD tridiagonal matrix,107
28,z,pttrf,HPD,tridiagonal,Doxygen/docs/html/zpttrf_8f.html,computes the L*D*L**T factorization of an HPD tridiagonal matrix,108
29,s,sytrf,symmetric,full,Doxygen/docs/html/ssytrf_8f.html,computes the factorization of a real symmetric matrix using the Bunch-Kaufman diagonal pivoting method,109
30,d,sytrf,symmetric,full,Doxygen/docs/html/dsytrf_8f.html,computes the factorization of a real symmetric matrix using the Bunch-Kaufman diagonal pivoting method,110
31,c,hetrf,Hermitian,full,Doxygen/docs/html/chetrf_8f.html,computes the factorization of a complex Hermitian matrix using the Bunch-Kaufman diagonal pivoting method,111
32,z,hetrf,Hermitian,full,Doxygen/docs/html/zhetrf_8f.html,computes the factorization of a complex Hermitian matrix using the Bunch-Kaufman diagonal pivoting method,112
33,c,sytrf,symmetric,full,Doxygen/docs/html/csytrf_8f.html,computes the factorization of a complex symmetric matrix using the Bunch-Kaufman diagonal pivoting method,113
34,z,sytrf,symmetric,full,Doxygen/docs/html/zsytrf_8f.html,computes the factorization of a complex symmetric matrix using the Bunch-Kaufman diagonal pivoting method,114
35,s,sptrf,symmetric,packed,Doxygen/docs/html/ssptrf_8f.html,computes the factorization of a real symmetric matrix stored in packed format using the Bunch-Kaufman diagonal pivoting method,115
36,d,sptrf,symmetric,packed,Doxygen/docs/html/dsptrf_8f.html,computes the factorization of a real symmetric matrix stored in packed format using the Bunch-Kaufman diagonal pivoting method,116
37,c,hptrf,Hermitian,packed,Doxygen/docs/html/chptrf_8f.html,computes the factorization of a complex Hermitian packed matrix using the Bunch-Kaufman diagonal pivoting method,117
38,z,hptrf,Hermitian,packed,Doxygen/docs/html/zhptrf_8f.html,computes the factorization of a complex Hermitian packed matrix using the Bunch-Kaufman diagonal pivoting method,118
39,c,sptrf,symmetric,packed,Doxygen/docs/html/csptrf_8f.html,computes the factorization of a complex symmetric matrix stored in packed format using the Bunch-Kaufman diagonal pivoting method,119
40,z,sptrf,symmetric,packed,Doxygen/docs/html/zsptrf_8f.html,computes the factorization of a complex symmetric matrix stored in packed format using the Bunch-Kaufman diagonal pivoting method,120
41,s,pftrf,SPD,RFP,Doxygen/docs/html/spftrf_8f.html,computes the Cholesky factorization of a real Hermitian positive definite matrix; RFP format,361
42,d,pftrf,SPD,RFP,Doxygen/docs/html/dpftrf_8f.html,computes the Cholesky factorization of a real Hermitian positive definite matrix; RFP format,362
43,c,pftrf,HPD,RFP,Doxygen/docs/html/cpftrf_8f.html,computes the Cholesky factorization of a complex Hermitian positive definite matrix; RFP format,363
44,z,pftrf,HPD,RFP,Doxygen/docs/html/zpftrf_8f.html,computes the Cholesky factorization of a complex Hermitian positive definite matrix; RFP format,364
45,s,pstrf,SPsD,full,Doxygen/docs/html/spstrf_8f.html,computes the Cholesky factorization with complete pivoting of a real Hermitian positive semidefinite matrix,365
46,d,pstrf,SPsD,full,Doxygen/docs/html/dpstrf_8f.html,computes the Cholesky factorization with complete pivoting of a real Hermitian positive semidefinite matrix,366
47,c,pstrf,HPsD,full,Doxygen/docs/html/cpstrf_8f.html,computes the Cholesky factorization with complete pivoting of a complex Hermitian positive semidefinite matrix,367
48,z,pstrf,HPsD,full,Doxygen/docs/html/zpstrf_8f.html,computes the Cholesky factorization with complete pivoting of a complex Hermitian positive semidefinite matrix,368
49,s,getrs,general,full,Doxygen/docs/html/sgetrs_8f.html,computational; solve A*X = B using LU; transpose; computed by SGETRF,121
50,d,getrs,general,full,Doxygen/docs/html/dgetrs_8f.html,computational; solve A*X = B using LU; transpose; computed by DGETRF,122
51,c,getrs,general,full,Doxygen/docs/html/cgetrs_8f.html,computational; solve A*X = B using LU; transpose; conjugate transpose; computed by CGETRF,123
52,z,getrs,general,full,Doxygen/docs/html/zgetrs_8f.html,computational; solve A*X = B using LU; transpose; conjugate transpose; computed by ZGETRF,124
53,s,gbtrs,general,band,Doxygen/docs/html/sgbtrs_8f.html,computational; solve A*X = B using LU; transpose; computed by SGBTRF,125
54,d,gbtrs,general,band,Doxygen/docs/html/dgbtrs_8f.html,computational; solve A*X = B using LU; transpose; computed by DGBTRF,126
55,c,gbtrs,general,band,Doxygen/docs/html/cgbtrs_8f.html,computational; solve A*X = B using LU; transpose; conjugate transpose; computed by CGBTRF,127
56,z,gbtrs,general,band,Doxygen/docs/html/zgbtrs_8f.html,computational; solve A*X = B using LU; transpose; conjugate transpose; computed by ZGBTRF,128
57,s,gttrs,general,tridiagonal,Doxygen/docs/html/sgttrs_8f.html,computational; solve A*X = B using LU; transpose; computed by SGTTRF,129
58,d,gttrs,general,tridiagonal,Doxygen/docs/html/dgttrs_8f.html,computational; solve A*X = B using LU; transpose; computed by DGTTRF,130
59,c,gttrs,general,tridiagonal,Doxygen/docs/html/cgttrs_8f.html,computational; solve A*X = B using LU; transpose; conjugate transpose; computed by CGTTRF,131
60,z,gttrs,general,tridiagonal,Doxygen/docs/html/zgttrs_8f.html,computational; solve A*X = B using LU; transpose; conjugate transpose; computed by ZGTTRF,132
61,s,potrs,SPD,full,Doxygen/docs/html/spotrs_8f.html,computational; solve A*X = B using Cholesky; computed by SPOTRF,133
62,d,potrs,SPD,full,Doxygen/docs/html/dpotrs_8f.html,computational; solve A*X = B using Cholesky; computed by DPOTRF,134
63,c,potrs,HPD,full,Doxygen/docs/html/cpotrs_8f.html,computational; solve A*X = B using Cholesky; computed by CPOTRF,135
64,z,potrs,HPD,full,Doxygen/docs/html/zpotrs_8f.html,computational; solve A*X = B using Cholesky; computed by ZPOTRF,136
65,s,pptrs,SPD,packed,Doxygen/docs/html/spptrs_8f.html,computational; solve A*X = B using Cholesky; computed by SPPTRF,137
66,d,pptrs,SPD,packed,Doxygen/docs/html/dpptrs_8f.html,computational; solve A*X = B using Cholesky; computed by DPPTRF,138
67,c,pptrs,HPD,packed,Doxygen/docs/html/cpptrs_8f.html,computational; solve A*X = B using Cholesky; computed by CPPTRF,139
68,z,pptrs,HPD,packed,Doxygen/docs/html/zpptrs_8f.html,computational; solve A*X = B using Cholesky; computed by ZPPTRF,140
69,s,pbtrs,SPD,band,Doxygen/docs/html/spbtrs_8f.html,computational; solve A*X = B using Cholesky; computed by SPBTRF,141
70,d,pbtrs,SPD,band,Doxygen/docs/html/dpbtrs_8f.html,computational; solve A*X = B using Cholesky; computed by DPBTRF,142
71,c,pbtrs,HPD,band,Doxygen/docs/html/cpbtrs_8f.html,computational; solve A*X = B using Cholesky; computed by CPBTRF,143
72,z,pbtrs,HPD,band,Doxygen/docs/html/zpbtrs_8f.html,computational; solve A*X = B using Cholesky; computed by ZPBTRF,144
73,s,pttrs,SPD,tridiagonal,Doxygen/docs/html/spttrs_8f.html,computational; solve A*X = B using the L*D*L**T; computed by SPTTRF,145
74,d,pttrs,SPD,tridiagonal,Doxygen/docs/html/dpttrs_8f.html,computational; solve A*X = B using the L*D*L**T; computed by DPTTRF ,146
75,c,pttrs,HPD,tridiagonal,Doxygen/docs/html/cpttrs_8f.html,computational; solve A*X = B using A = U**H*D*U or A = L*D*L**H; computed by CPTTRF,147
76,z,pttrs,HPD,tridiagonal,Doxygen/docs/html/zpttrs_8f.html,computational; solve A*X = B using A = U**H*D*U or A = L*D*L**H; computed by ZPTTRF,148
77,s,sytrs,symmetric,full,Doxygen/docs/html/ssytrs_8f.html,computational; solve A*X = B using A = U*D*U**T or A = L*D*L**T; computed by SSYTRF ,149
78,d,sytrs,symmetric,full,Doxygen/docs/html/dsytrs_8f.html,computational; solve A*X = B using A = U*D*U**T or A = L*D*L**T; computed by DSYTRF ,150
79,c,sytrs,symmetric,full,Doxygen/docs/html/csytrs_8f.html,computational; solve A*X = B using A = U*D*U**T or A = L*D*L**T; computed by CSYTRF,151
80,z,sytrs,symmetric,full,Doxygen/docs/html/zsytrs_8f.html,computational; solve A*X = B using A = U*D*U**T or A = L*D*L**T; computed by ZSYTRF,152
81,s,sptrs,symmetric,packed,Doxygen/docs/html/ssptrs_8f.html,computational; solve A*X = B using A = U*D*U**T or A = L*D*L**T; computed by SSPTRF,153
82,d,sptrs,symmetric,packed,Doxygen/docs/html/dsptrs_8f.html,computational; solve A*X = B using A = U*D*U**T or A = L*D*L**T; computed by DSPTRF,154
83,c,sptrs,symmetric,packed,Doxygen/docs/html/csptrs_8f.html,computational; solve A*X = B using A = U*D*U**T or A = L*D*L**T; computed by CSPTRF,155
84,z,sptrs,symmetric,packed,Doxygen/docs/html/zsptrs_8f.html,computational; solve A*X = B using A = U*D*U**T or A = L*D*L**T; computed by ZSPTRF ,156
85,c,hetrs,Hermitian,full,Doxygen/docs/html/chetrs_8f.html,computational; solve A*X = B using U*D*U*H or L*D*L*H; computed by CHETRF,157
86,z,hetrs,Hermitian,full,Doxygen/docs/html/zhetrs_8f.html,computational; solve A*X = B using U*D*U*H or L*D*L*H; computed by ZHETRF,158
87,c,hptrs,Hermitian,packed,Doxygen/docs/html/chptrs_8f.html,computational; solve A*X = B using U*D*U*H or L*D*L*H; computed by CHPTRF,159
88,z,hptrs,Hermitian,packed,Doxygen/docs/html/zhptrs_8f.html,computational; solve A*X = B using U*D*U*H or L*D*L*H; computed by ZHPTRF,160
89,s,trtrs,triangular,full,Doxygen/docs/html/strtrs_8f.html,computational; solve A*X = B; B is an N-by-NRHS matrix; transpose;only,161
90,d,trtrs,triangular,full,Doxygen/docs/html/dtrtrs_8f.html,computational; solve A*X = B; B is an N-by-NRHS matrix; transpose;only,162
91,c,trtrs,triangular,full,Doxygen/docs/html/ctrtrs_8f.html,computational; solve A*X = B; B is an N-by-NRHS matrix; transpose; conjugate transpose; only,163
92,z,trtrs,triangular,full,Doxygen/docs/html/ztrtrs_8f.html,computational; solve A*X = B; B is an N-by-NRHS matrix; transpose; conjugate transpose; only,164
93,s,tptrs,triangular,packed,Doxygen/docs/html/stptrs_8f.html,computational; solve A*X = B; B is an N-by-NRHS matrix; transpose;only,165
94,d,tptrs,triangular,packed,Doxygen/docs/html/dtptrs_8f.html,computational; solve A*X = B; B is an N-by-NRHS matrix; transpose;only,166
95,c,tptrs,triangular,packed,Doxygen/docs/html/ctptrs_8f.html,computational; solve A*X = B; B is an N-by-NRHS matrix; transpose; conjugate transpose; only,167
96,z,tptrs,triangular,packed,Doxygen/docs/html/ztptrs_8f.html,computational; solve A*X = B; B is an N-by-NRHS matrix; transpose; conjugate transpose; only,168
97,s,tbtrs,triangular,band,Doxygen/docs/html/stbtrs_8f.html,computational; solve A*X = B; B is an N-by-NRHS matrix; transpose;only,169
98,d,tbtrs,triangular,band,Doxygen/docs/html/dtbtrs_8f.html,computational; solve A*X = B; B is an N-by-NRHS matrix; transpose;only,170
99,c,tbtrs,triangular,band,Doxygen/docs/html/ctbtrs_8f.html,computational; solve A*X = B; B is an N-by-NRHS matrix; transpose; conjugate transpose; only,171
100,z,tbtrs,triangular,band,Doxygen/docs/html/ztbtrs_8f.html,computational; solve A*X = B; B is an N-by-NRHS matrix; transpose; conjugate transpose; only,172
101,s,pftrs,SPD,RFP,Doxygen/docs/html/spftrs_8f.html,computational; solve A*X = B using Cholesky; computed by SPFTRF;only,333
102,d,pftrs,SPD,RFP,Doxygen/docs/html/dpftrs_8f.html,computational; solve A*X = B using Cholesky; computed by DPFTRF;only,334
103,c,pftrs,HPD,RFP,Doxygen/docs/html/cpftrs_8f.html,computational; solve A*X = B using Cholesky; computed by CPFTRF;only,335
104,z,pftrs,HPD,RFP,Doxygen/docs/html/zpftrs_8f.html,computational; solve A*X = B using Cholesky; computed by ZPFTRF;only,336
105,s,gecon,general,full,Doxygen/docs/html/sgecon_8f.html,estimates the reciprocal of the condition number of a general real matrix,173
106,d,gecon,general,full,Doxygen/docs/html/dgecon_8f.html,estimates the reciprocal of the condition number of a general real matrix,174
107,c,gecon,general,full,Doxygen/docs/html/cgecon_8f.html,estimates the reciprocal of the condition number of a general complex matrix,175
108,z,gecon,general,full,Doxygen/docs/html/zgecon_8f.html,estimates the reciprocal of the condition number of a general complex matrix,176
109,s,gbcon,general,band,Doxygen/docs/html/sgbcon_8f.html,estimates the reciprocal of the condition number of a real general band matrix,177
110,d,gbcon,general,band,Doxygen/docs/html/dgbcon_8f.html,estimates the reciprocal of the condition number of a real general band matrix,178
111,c,gbcon,general,band,Doxygen/docs/html/cgbcon_8f.html,estimates the reciprocal of the condition number of a complex general band matrix,179
112,z,gbcon,general,band,Doxygen/docs/html/zgbcon_8f.html,estimates the reciprocal of the condition number of a complex general band matrix,180
113,s,gtcon,general,tridiagonal,Doxygen/docs/html/sgtcon_8f.html,estimates the reciprocal of the condition number of a real tridiagonal matrix A using LU ,181
114,d,gtcon,general,tridiagonal,Doxygen/docs/html/dgtcon_8f.html,estimates the reciprocal of the condition number of a real tridiagonal matrix A using LU ,182
115,c,gtcon,general,tridiagonal,Doxygen/docs/html/cgtcon_8f.html,estimates the reciprocal of the condition number of a complex tridiagonal matrix A using LU,183
116,z,gtcon,general,tridiagonal,Doxygen/docs/html/zgtcon_8f.html,estimates the reciprocal of the condition number of a complex tridiagonal matrix A using LU ,184
117,s,pocon,SPD,full,Doxygen/docs/html/spocon_8f.html,estimates the reciprocal of the condition number (in the 1-norm) of a real symmetric positive definite matrix using Cholesky,185
118,d,pocon,SPD,full,Doxygen/docs/html/dpocon_8f.html,estimates the reciprocal of the condition number (in the 1-norm) of a real symmetric positive definite matrix using Cholesky,186
119,c,pocon,HPD,full,Doxygen/docs/html/cpocon_8f.html,estimates the reciprocal of the condition number (in the 1-norm) of a complex Hermitian positive definite matrix using Cholesky,187
120,z,pocon,HPD,full,Doxygen/docs/html/zpocon_8f.html,estimates the reciprocal of the condition number (in the 1-norm) of a complex Hermitian positive definite matrix using Cholesky,188
121,s,ppcon,SPD,packed,Doxygen/docs/html/sppcon_8f.html,estimates the reciprocal of the condition number (in the 1-norm) of a real symmetric positive definite packed matrix using Cholesky,189
122,d,ppcon,SPD,packed,Doxygen/docs/html/dppcon_8f.html,estimates the reciprocal of the condition number (in the 1-norm) of a real symmetric positive definite packed matrix using Cholesky ,190
123,c,ppcon,HPD,packed,Doxygen/docs/html/cppcon_8f.html,estimates the reciprocal of the condition number (in the 1-norm) of a complex Hermitian positive definite packed matrix using Cholesky,191
124,z,ppcon,HPD,packed,Doxygen/docs/html/zppcon_8f.html,estimates the reciprocal of the condition number (in the 1-norm) of a complex Hermitian positive definite packed matrix using Cholesky ,192
125,s,pbcon,SPD,band,Doxygen/docs/html/spbcon_8f.html,estimates the reciprocal of the condition number (in the 1-norm) of a real symmetric positive definite banded matrix using Cholesky,193
126,d,pbcon,SPD,band,Doxygen/docs/html/dpbcon_8f.html,estimates the reciprocal of the condition number (in the 1-norm) of a real symmetric positive definite banded matrix using Cholesky,194
127,c,pbcon,HPD,band,Doxygen/docs/html/cpbcon_8f.html,estimates the reciprocal of the condition number (in the 1-norm) of a complex Hermitian positive definite banded matrix using Cholesky,195
128,z,pbcon,HPD,band,Doxygen/docs/html/zpbcon_8f.html,estimates the reciprocal of the condition number (in the 1-norm) of a complex Hermitian positive definite banded matrix using Cholesky ,196
129,s,ptcon,SPD,tridiagonal,Doxygen/docs/html/sptcon_8f.html,estimates the reciprocal of the condition number (in the 1-norm) of a real symmetric positive definite tridiagonal matrix using Cholesky,197
130,d,ptcon,SPD,tridiagonal,Doxygen/docs/html/dptcon_8f.html,estimates the reciprocal of the condition number (in the 1-norm) of a real symmetric positive definite tridiagonal matrix using Cholesky,198
131,c,ptcon,HPD,tridiagonal,Doxygen/docs/html/cptcon_8f.html,estimates the reciprocal of the condition number (in the 1-norm) of a complex Hermitian positive definite tridiagonal matrix using Cholesky,199
132,z,ptcon,HPD,tridiagonal,Doxygen/docs/html/zptcon_8f.html,estimates the reciprocal of the condition number (in the 1-norm) of a complex Hermitian positive definite tridiagonal matrix using Cholesky,200
133,c,hecon,Hermitian,full,Doxygen/docs/html/checon_8f.html,estimates the reciprocal of the condition number of a complex Hermitian matrix A using A = U*D*U**H or A = L*D*L**H,201
134,z,hecon,Hermitian,full,Doxygen/docs/html/zhecon_8f.html,estimates the reciprocal of the condition number of a complex Hermitian matrix A using A = U*D*U**H or A = L*D*L**H,202
135,s,sycon,symmetric,full,Doxygen/docs/html/ssycon_8f.html,estimates the reciprocal of the condition number (in the 1-norm) of a real symmetric matrix A using A = U*D*U**T or A = L*D*L**T,203
136,d,sycon,symmetric,full,Doxygen/docs/html/dsycon_8f.html,estimates the reciprocal of the condition number (in the 1-norm) of a real symmetric matrix A using A = U*D*U**T or A = L*D*L**T,204
137,c,sycon,symmetric,full,Doxygen/docs/html/csycon_8f.html,estimates the reciprocal of the condition number (in the 1-norm) of a complex symmetric matrix A using A = U*D*U**T or A = L*D*L**T,205
138,z,sycon,symmetric,full,Doxygen/docs/html/zsycon_8f.html,estimates the reciprocal of the condition number (in the 1-norm) of a complex symmetric matrix A using A = U*D*U**T or A = L*D*L**T,206
139,s,spcon,symmetric,packed,Doxygen/docs/html/sspcon_8f.html,estimates the reciprocal of the condition number (in the 1-norm) of a real symmetric packed matrix A using A = U*D*U**T or A = L*D*L**T ,207
140,d,spcon,symmetric,packed,Doxygen/docs/html/dspcon_8f.html,estimates the reciprocal of the condition number (in the 1-norm) of a real symmetric packed matrix A using A = U*D*U**T or A = L*D*L**T ,208
141,c,spcon,symmetric,packed,Doxygen/docs/html/cspcon_8f.html,estimates the reciprocal of the condition number (in the 1-norm) of a complex symmetric packed matrix A using A = U*D*U**T or A = L*D*L**T,209
142,z,spcon,symmetric,packed,Doxygen/docs/html/zspcon_8f.html,estimates the reciprocal of the condition number (in the 1-norm) of a complex symmetric packed matrix A using A = U*D*U**T or A = L*D*L**T,210
143,c,hpcon,Hermitian,packed,Doxygen/docs/html/chpcon_8f.html,estimates the reciprocal of the condition number of a complex Hermitian packed matrix A using A = U*D*U**H or A = L*D*L**H,211
144,z,hpcon,Hermitian,packed,Doxygen/docs/html/zhpcon_8f.html,estimates the reciprocal of the condition number of a complex Hermitian packed matrix A using A = U*D*U**H or A = L*D*L**H,212
145,s,trcon,triangular,full,Doxygen/docs/html/strcon_8f.html,estimates the reciprocal of the condition number of a triangular matrix A; in either the 1-norm or the infinity-norm,213
146,d,trcon,triangular,full,Doxygen/docs/html/dtrcon_8f.html,estimates the reciprocal of the condition number of a triangular matrix A; in either the 1-norm or the infinity-norm,214
147,c,trcon,triangular,full,Doxygen/docs/html/ctrcon_8f.html,estimates the reciprocal of the condition number of a triangular matrix A; in either the 1-norm or the infinity-norm.,215
148,z,trcon,triangular,full,Doxygen/docs/html/ztrcon_8f.html,estimates the reciprocal of the condition number of a triangular matrix A; in either the 1-norm or the infinity-norm.,216
149,s,tbcon,triangular,band,Doxygen/docs/html/stbcon_8f.html,estimates the reciprocal of the condition number of a triangular band matrix A; in either the 1-norm or the infinity-norm,217
150,d,tbcon,triangular,band,Doxygen/docs/html/dtbcon_8f.html,estimates the reciprocal of the condition number of a triangular band matrix A; in either the 1-norm or the infinity-norm,218
151,c,tbcon,triangular,band,Doxygen/docs/html/ctbcon_8f.html,estimates the reciprocal of the condition number of a triangular band matrix A; in either the 1-norm or the infinity-norm,219
152,z,tbcon,triangular,band,Doxygen/docs/html/ztbcon_8f.html,estimates the reciprocal of the condition number of a triangular band matrix A; in either the 1-norm or the infinity-norm,220
153,s,tpcon,triangular,packed,Doxygen/docs/html/stpcon_8f.html,estimates the reciprocal of the condition number of a triangular packed matrix A; in either the 1-norm or the infinity-norm,221
154,d,tpcon,triangular,packed,Doxygen/docs/html/dtpcon_8f.html,estimates the reciprocal of the condition number of a triangular packed matrix A; in either the 1-norm or the infinity-norm,222
155,c,tpcon,triangular,packed,Doxygen/docs/html/ctpcon_8f.html,estimates the reciprocal of the condition number of a triangular packed matrix A; in either the 1-norm or the infinity-norm,223
156,z,tpcon,triangular,packed,Doxygen/docs/html/ztpcon_8f.html,estimates the reciprocal of the condition number of a triangular packed matrix A; in either the 1-norm or the infinity-norm,224
157,s,gerfs,general,full,Doxygen/docs/html/sgerfs_8f.html,error bounds and backward error estimates; iterative refinement,225
158,d,gerfs,general,full,Doxygen/docs/html/dgerfs_8f.html,error bounds and backward error estimates; iterative refinement,226
159,c,gerfs,general,full,Doxygen/docs/html/cgerfs_8f.html,error bounds and backward error estimates; iterative refinement,227
160,z,gerfs,general,full,Doxygen/docs/html/zgerfs_8f.html,error bounds and backward error estimates; iterative refinement,228
161,s,gbrfs,general,band,Doxygen/docs/html/sgbrfs_8f.html,error bounds and backward error estimates; iterative refinement,229
162,d,gbrfs,general,band,Doxygen/docs/html/dgbrfs_8f.html,error bounds and backward error estimates; iterative refinement,230
163,c,gbrfs,general,band,Doxygen/docs/html/cgbrfs_8f.html,error bounds and backward error estimates; iterative refinement,231
164,z,gbrfs,general,band,Doxygen/docs/html/zgbrfs_8f.html,error bounds and backward error estimates; iterative refinement,232
165,s,gtrfs,general,tridiagonal,Doxygen/docs/html/sgtrfs_8f.html,error bounds and backward error estimates; iterative refinement,233
166,d,gtrfs,general,tridiagonal,Doxygen/docs/html/dgtrfs_8f.html,error bounds and backward error estimates; iterative refinement,234
167,c,gtrfs,general,tridiagonal,Doxygen/docs/html/cgtrfs_8f.html,error bounds and backward error estimates; iterative refinement,235
168,z,gtrfs,general,tridiagonal,Doxygen/docs/html/zgtrfs_8f.html,error bounds and backward error estimates; iterative refinement,236
169,c,herfs,Hermitian,full,Doxygen/docs/html/cherfs_8f.html,error bounds and backward error estimates; iterative refinement,237
170,z,herfs,Hermitian,full,Doxygen/docs/html/zherfs_8f.html,error bounds and backward error estimates; iterative refinement,238
171,c,hprfs,Hermitian,packed,Doxygen/docs/html/chprfs_8f.html,error bounds and backward error estimates; iterative refinement,239
172,z,hprfs,Hermitian,packed,Doxygen/docs/html/zhprfs_8f.html,error bounds and backward error estimates; iterative refinement,240
173,s,porfs,SPD,full,Doxygen/docs/html/sporfs_8f.html,error bounds and backward error estimates; iterative refinement,241
174,d,porfs,SPD,full,Doxygen/docs/html/dporfs_8f.html,error bounds and backward error estimates; iterative refinement,242
175,c,porfs,HPD,full,Doxygen/docs/html/cporfs_8f.html,error bounds and backward error estimates; iterative refinement,243
176,z,porfs,HPD,full,Doxygen/docs/html/zporfs_8f.html,error bounds and backward error estimates; iterative refinement,244
177,s,pbrfs,SPD,band,Doxygen/docs/html/spbrfs_8f.html,error bounds and backward error estimates; iterative refinement,245
178,d,pbrfs,SPD,band,Doxygen/docs/html/dpbrfs_8f.html,error bounds and backward error estimates; iterative refinement,246
179,c,pbrfs,HPD,band,Doxygen/docs/html/cpbrfs_8f.html,error bounds and backward error estimates; iterative refinement,247
180,z,pbrfs,HPD,band,Doxygen/docs/html/zpbrfs_8f.html,error bounds and backward error estimates; iterative refinement,248
181,s,pprfs,SPD,packed,Doxygen/docs/html/spprfs_8f.html,error bounds and backward error estimates; iterative refinement,249
182,d,pprfs,SPD,packed,Doxygen/docs/html/dpprfs_8f.html,error bounds and backward error estimates; iterative refinement,250
183,c,pprfs,HPD,packed,Doxygen/docs/html/cpprfs_8f.html,error bounds and backward error estimates; iterative refinement,251
184,z,pprfs,HPD,packed,Doxygen/docs/html/zpprfs_8f.html,error bounds and backward error estimates; iterative refinement,252
185,s,ptrfs,SPD,tridiagonal,Doxygen/docs/html/sptrfs_8f.html,error bounds and backward error estimates; iterative refinement,253
186,d,ptrfs,SPD,tridiagonal,Doxygen/docs/html/dptrfs_8f.html,error bounds and backward error estimates; iterative refinement,254
187,c,ptrfs,HPD,tridiagonal,Doxygen/docs/html/cptrfs_8f.html,error bounds and backward error estimates; iterative refinement,255
188,z,ptrfs,HPD,tridiagonal,Doxygen/docs/html/zptrfs_8f.html,error bounds and backward error estimates; iterative refinement,256
189,s,syrfs,symmetric,full,Doxygen/docs/html/ssyrfs_8f.html,error bounds and backward error estimates; iterative refinement,257
190,d,syrfs,symmetric,full,Doxygen/docs/html/dsyrfs_8f.html,error bounds and backward error estimates; iterative refinement,258
191,c,syrfs,symmetric,full,Doxygen/docs/html/csyrfs_8f.html,error bounds and backward error estimates; iterative refinement,259
192,z,syrfs,symmetric,full,Doxygen/docs/html/zsyrfs_8f.html,error bounds and backward error estimates; iterative refinement,260
193,s,sprfs,symmetric,packed,Doxygen/docs/html/ssprfs_8f.html,error bounds and backward error estimates; iterative refinement,261
194,d,sprfs,symmetric,packed,Doxygen/docs/html/dsprfs_8f.html,error bounds and backward error estimates; iterative refinement,262
195,c,sprfs,symmetric,packed,Doxygen/docs/html/csprfs_8f.html,error bounds and backward error estimates; iterative refinement,263
196,z,sprfs,symmetric,packed,Doxygen/docs/html/zsprfs_8f.html,error bounds and backward error estimates; iterative refinement,264
197,s,trrfs,triangular,full,Doxygen/docs/html/strrfs_8f.html,error bounds and backward error estimates,265
198,d,trrfs,triangular,full,Doxygen/docs/html/dtrrfs_8f.html,error bounds and backward error estimates,266
199,c,trrfs,triangular,full,Doxygen/docs/html/ctrrfs_8f.html,error bounds and backward error estimates,267
200,z,trrfs,triangular,full,Doxygen/docs/html/ztrrfs_8f.html,error bounds and backward error estimates,268
201,s,tbrfs,triangular,band,Doxygen/docs/html/stbrfs_8f.html,error bounds and backward error estimates,269
202,d,tbrfs,triangular,band,Doxygen/docs/html/dtbrfs_8f.html,error bounds and backward error estimates,270
203,c,tbrfs,triangular,band,Doxygen/docs/html/ctbrfs_8f.html,error bounds and backward error estimates,271
204,z,tbrfs,triangular,band,Doxygen/docs/html/ztbrfs_8f.html,error bounds and backward error estimates,272
205,s,tprfs,triangular,packed,Doxygen/docs/html/stprfs_8f.html,error bounds and backward error estimates,273
206,d,tprfs,triangular,packed,Doxygen/docs/html/dtprfs_8f.html,error bounds and backward error estimates,274
207,c,tprfs,triangular,packed,Doxygen/docs/html/ctprfs_8f.html,error bounds and backward error estimates,275
208,z,tprfs,triangular,packed,Doxygen/docs/html/ztprfs_8f.html,error bounds and backward error estimates,276
209,s,getri,general,full,Doxygen/docs/html/sgetri_8f.html,computes the inverse of a matrix,277
210,d,getri,general,full,Doxygen/docs/html/dgetri_8f.html,computes the inverse of a matrix,278
211,c,getri,general,full,Doxygen/docs/html/cgetri_8f.html,computes the inverse of a matrix,279
212,z,getri,general,full,Doxygen/docs/html/zgetri_8f.html,computes the inverse of a matrix,280
213,c,hetri,Hermitian,full,Doxygen/docs/html/chetri_8f.html,computes the inverse of a matrix,281
214,z,hetri,Hermitian,full,Doxygen/docs/html/zhetri_8f.html,computes the inverse of a matrix,282
215,c,hptri,Hermitian,packed,Doxygen/docs/html/chptri_8f.html,computes the inverse of a matrix,283
216,z,hptri,Hermitian,packed,Doxygen/docs/html/zhptri_8f.html,computes the inverse of a matrix,284
217,s,potri,SPD,full,Doxygen/docs/html/spotri_8f.html,computes the inverse of a matrix,285
218,d,potri,SPD,full,Doxygen/docs/html/dpotri_8f.html,computes the inverse of a matrix,286
219,c,potri,HPD,full,Doxygen/docs/html/cpotri_8f.html,computes the inverse of a matrix,287
220,z,potri,HPD,full,Doxygen/docs/html/zpotri_8f.html,computes the inverse of a matrix,288
221,s,pptri,SPD,packed,Doxygen/docs/html/spptri_8f.html,computes the inverse of a matrix,289
222,d,pptri,SPD,packed,Doxygen/docs/html/dpptri_8f.html,computes the inverse of a matrix,290
223,c,pptri,HPD,packed,Doxygen/docs/html/cpptri_8f.html,computes the inverse of a matrix,291
224,z,pptri,HPD,packed,Doxygen/docs/html/zpptri_8f.html,computes the inverse of a matrix,292
225,s,sytri,symmetric,full,Doxygen/docs/html/ssytri_8f.html,computes the inverse of a matrix,293
226,d,sytri,symmetric,full,Doxygen/docs/html/dsytri_8f.html,computes the inverse of a matrix,294
227,c,sytri,symmetric,full,Doxygen/docs/html/csytri_8f.html,computes the inverse of a matrix,295
228,z,sytri,symmetric,full,Doxygen/docs/html/zsytri_8f.html,computes the inverse of a matrix,296
229,s,sptri,symmetric,packed,Doxygen/docs/html/ssptri_8f.html,computes the inverse of a matrix,297
230,d,sptri,symmetric,packed,Doxygen/docs/html/dsptri_8f.html,computes the inverse of a matrix,298
231,c,sptri,symmetric,packed,Doxygen/docs/html/csptri_8f.html,computes the inverse of a matrix,299
232,z,sptri,symmetric,packed,Doxygen/docs/html/zsptri_8f.html,computes the inverse of a matrix,300
233,s,trtri,triangular,full,Doxygen/docs/html/strtri_8f.html,computes the inverse of a matrix,301
234,d,trtri,triangular,full,Doxygen/docs/html/dtrtri_8f.html,computes the inverse of a matrix,302
235,c,trtri,triangular,full,Doxygen/docs/html/ctrtri_8f.html,computes the inverse of a matrix,303
236,z,trtri,triangular,full,Doxygen/docs/html/ztrtri_8f.html,computes the inverse of a matrix,304
237,s,tptri,triangular,packed,Doxygen/docs/html/stptri_8f.html,computes the inverse of a matrix,305
238,d,tptri,triangular,packed,Doxygen/docs/html/dtptri_8f.html,computes the inverse of a matrix,306
239,c,tptri,triangular,packed,Doxygen/docs/html/ctptri_8f.html,computes the inverse of a matrix,307
240,z,tptri,triangular,packed,Doxygen/docs/html/ztptri_8f.html,computes the inverse of a matrix,308
241,s,pftri,SPD,RFP,Doxygen/docs/html/spftri_8f.html,computes the inverse using the Cholesky; computed by SPFTRF,369
242,d,pftri,SPD,RFP,Doxygen/docs/html/dpftri_8f.html,computes the inverse using the Cholesky; computed by DPFTRF,370
243,c,pftri,HPD,RFP,Doxygen/docs/html/cpftri_8f.html,computes the inverse using the Cholesky; computed by CPFTRF,371
244,z,pftri,HPD,RFP,Doxygen/docs/html/zpftri_8f.html,computes the inverse using the Cholesky; computed by ZPFTRF,372
245,s,tftri,triangular,RFP,Doxygen/docs/html/stftri_8f.html,computes the inverse of a matrix; stored in RFP format ,373
246,d,tftri,triangular,RFP,Doxygen/docs/html/dtftri_8f.html,computes the inverse of a matrix; stored in RFP format ,374
247,c,tftri,triangular,RFP,Doxygen/docs/html/ctftri_8f.html,computes the inverse of a matrix; stored in RFP format ,375
248,z,tftri,triangular,RFP,Doxygen/docs/html/ztftri_8f.html,computes the inverse of a matrix; stored in RFP format ,376
249,s,geequ,general,full,Doxygen/docs/html/sgeequ_8f.html,computes row and column scalings intended to equilibrate an M-by-N matrix A and reduce its cn,309
250,d,geequ,general,full,Doxygen/docs/html/dgeequ_8f.html,computes row and column scalings intended to equilibrate an M-by-N matrix A and reduce its cn,310
251,c,geequ,general,full,Doxygen/docs/html/cgeequ_8f.html,computes row and column scalings intended to equilibrate an M-by-N matrix A and reduce its cn,311
252,z,geequ,general,full,Doxygen/docs/html/zgeequ_8f.html,computes row and column scalings intended to equilibrate an M-by-N matrix A and reduce its cn,312
253,s,gbequ,general,band,Doxygen/docs/html/sgbequ_8f.html,computes row and column scalings intended to equilibrate an M-by-N band matrix A and reduce its cn,313
254,d,gbequ,general,band,Doxygen/docs/html/dgbequ_8f.html,computes row and column scalings intended to equilibrate an M-by-N band matrix A and reduce its cn,314
255,c,gbequ,general,band,Doxygen/docs/html/cgbequ_8f.html,computes row and column scalings intended to equilibrate an M-by-N band matrix A and reduce its cn,315
256,z,gbequ,general,band,Doxygen/docs/html/zgbequ_8f.html,computes row and column scalings intended to equilibrate an M-by-N band matrix A and reduce its cn,316
257,s,poequ,SPD,full,Doxygen/docs/html/spoequ_8f.html,computes row and column scalings intended to equilibrate a symmetric positive definite matrix A and reduce its cn (with respect to the two-norm),317
258,d,poequ,SPD,full,Doxygen/docs/html/dpoequ_8f.html,computes row and column scalings intended to equilibrate a symmetric positive definite matrix A and reduce its cn (with respect to the two-norm),318
259,c,poequ,HPD,full,Doxygen/docs/html/cpoequ_8f.html,computes row and column scalings intended to equilibrate a Hermitian positive definite matrix A and reduce its cn (with respect to the two-norm),319
260,z,poequ,HPD,full,Doxygen/docs/html/zpoequ_8f.html,computes row and column scalings intended to equilibrate a Hermitian positive definite matrix A and reduce its cn (with respect to the two-norm),320
261,s,pbequ,SPD,band,Doxygen/docs/html/spbequ_8f.html,computes row and column scalings intended to equilibrate a symmetric positive definite band matrix A and reduce its cn (with respect to the two-norm),321
262,d,pbequ,SPD,band,Doxygen/docs/html/dpbequ_8f.html,computes row and column scalings intended to equilibrate a symmetric positive definite band matrix A and reduce its cn (with respect to the two-norm),322
263,c,pbequ,HPD,band,Doxygen/docs/html/cpbequ_8f.html,computes row and column scalings intended to equilibrate a Hermitian positive definite band matrix A and reduce its cn (with respect to the two-norm),323
264,z,pbequ,HPD,band,Doxygen/docs/html/zpbequ_8f.html,computes row and column scalings intended to equilibrate a Hermitian positive definite band matrix A and reduce its cn (with respect to the two-norm),324
265,s,ppequ,SPD,packed,Doxygen/docs/html/sppequ_8f.html,computes row and column scalings intended to equilibrate a symmetric positive definite matrix A in packed storage and reduce its cn (with respect to the two-norm),325
266,d,ppequ,SPD,packed,Doxygen/docs/html/dppequ_8f.html,computes row and column scalings intended to equilibrate a symmetric positive definite matrix A in packed storage and reduce its cn (with respect to the two-norm),326
267,c,ppequ,HPD,packed,Doxygen/docs/html/cppequ_8f.html,computes row and column scalings intended to equilibrate a Hermitian positive definite matrix A in packed storage and reduce its cn (with respect to the two-norm),327
268,z,ppequ,HPD,packed,Doxygen/docs/html/zppequ_8f.html,computes row and column scalings intended to equilibrate a Hermitian positive definite matrix A in packed storage and reduce its cn (with respect to the two-norm),328
269,s,syequb,symmetric,full,Doxygen/docs/html/ssyequb_8f.html,computes row and column scalings intended to equilibrate a symmetric matrix A and reduce its cn; S contains the scale factors,401
270,d,syequb,symmetric,full,Doxygen/docs/html/dsyequb_8f.html,computes row and column scalings intended to equilibrate a symmetric matrix A and reduce its cn; S contains the scale factors,402
271,c,syequb,symmetric,full,Doxygen/docs/html/csyequb_8f.html,computes row and column scalings intended to equilibrate a symmetric matrix A and reduce its cn; S contains the scale factors,403
272,z,syequb,symmetric,full,Doxygen/docs/html/zsyequb_8f.html,computes row and column scalings intended to equilibrate a symmetric matrix A and reduce its cn; S contains the scale factors,404
273,c,heequb,Hermitian,full,Doxygen/docs/html/cheequb_8f.html,computes row and column scalings intended to equilibrate a Hermitian matrix A and reduce its cn; S contains the scale factors,409
274,z,heequb,Hermitian,full,Doxygen/docs/html/zheequb_8f.html,computes row and column scalings intended to equilibrate a Hermitian matrix A and reduce its cn; S contains the scale factors,410
